Workbook

Sheet urunler
A1: UrunKodu | B1: Kategori | C1: UrunAciklamasi | D1: UrunAciklamasiEn | E1: BirimFiyat | F1: MaliyetFiyati | G1: EklenmeTarihi | H1: FiyatTL | I1: FiyatUSD | J1: FiyatEUR
A2: LT-G0200 | B2: Belli Değil | C2: Laboratuar Etüvü, 30 litre kapasiteli, ortam sıcaklığı ile 200°C ±2°C arasında, PID dijital kontrol sistemli, Güvenlik termostatlı, Dahili Hava Sirkülasyon Sistemli, İç Yüzey Yapısı : Paslanmaz Çelik İç Hazne, Dış Yüzey Yapısı : Elektrostatik Toz Boyalı Çelik, 2 adet ayarlanabilir raf ile birlikte verilmektedir. 220 V, 50-60 Hz, 1 ph | D2: Laboratory oven, 30 L capacity, ambient to 200°C ±2°C, PID digital control system, equipped of a dual safety thermostat, fan circulated, stainless steel interior, electrostatic painted exterior, 2 adjustable shelves. 220 V, 50-60 Hz, 1 ph | E2: =H2*1.8*1.4 -> 0 | F2: 0 | G2: 2025-09-04 15:23:18.020 | H2: =K2*1.8*1.4 -> 0 | I2: 870 | J2: 810
A3: LT-G0201 | B3: Belli Değil | C3: Laboratuar Etüvü, 50 litre kapasiteli, ortam sıcaklığı ile 200°C ±2°C arasında, PID dijital kontrol sistemli, Güvenlik termostatlı, Dahili Hava Sirkülasyon Sistemli, İç Yüzey Yapısı : Paslanmaz Çelik İç Hazne, Dış Yüzey Yapısı : Elektrostatik Toz Boyalı Çelik, 2 adet ayarlanabilir raf ile birlikte verilmektedir. 220 V, 50-60 Hz, 1 ph | D3: Laboratory oven, 50 L capacity, ambient to 200°C ±2°C, PID digital control system, equipped of a dual safety thermostat, fan circulated, stainless steel interior, electrostatic painted exterior, 2 adjustable shelves. 220 V, 50-60 Hz, 1 ph | E3: =H3*1.8*1.4 -> 0 | F3: 33810 | G3: 2025-09-04 15:23:18.021 | H3: =K3*1.8*1.4 -> 0 | I3: 930 | J3: 861
A4: LT-G0202 | B4: Belli Değil | C4: Laboratuar Etüvü, 120 litre kapasiteli, ortam sıcaklığı ile 200°C ±2°C arasında, PID dijital kontrol sistemli, Güvenlik termostatlı, Dahili Hava Sirkülasyon Sistemli, İç Yüzey Yapısı : Paslanmaz Çelik İç Hazne, Dış Yüzey Yapısı : Elektrostatik Toz Boyalı Çelik, 2 adet ayarlanabilir raf ile birlikte verilmektedir. 220 V, 50-60 Hz, 1 ph | D4: Laboratory oven, 120 L capacity, ambient to 200°C ±2°C, PID digital control system, equipped of a dual safety thermostat, fan circulated, stainless steel interior, electrostatic painted exterior, 2 adjustable shelves. 220 V, 50-60 Hz, 1 ph | E4: =H4*1.8*1.4 -> 0 | F4: ='[1]120 LT ETÜV'!$L$2 -> 18284.5 | G4: 2025-09-04 15:23:18.022 | H4: =K4*1.8*1.4 -> 0 | I4: 1020 | J4: 945
A5: LT-G0202/H | B5: Belli Değil | C5: Laboratuar Etüvü, 120 litre kapasiteli, ortam sıcaklığı ile 300°C ±2°C arasında, PID dijital kontrol sistemli, Güvenlik termostatlı, Dahili Hava Sirkülasyon Sistemli, İç Yüzey Yapısı : Paslanmaz Çelik İç Hazne, Dış Yüzey Yapısı : Elektrostatik Toz Boyalı Çelik, 2 adet ayarlanabilir raf ile birlikte verilmektedir. 220 V, 50-60 Hz, 1 ph | D5: Laboratory oven, 120 L capacity, ambient to 300°C ±2°C, PID digital control system, equipped of a dual safety thermostat, fan circulated, stainless steel interior, electrostatic painted exterior, 2 adjustable shelves. 220 V, 50-60 Hz, 1 ph | E5: =H5*1.8*1.4 -> 0 | F5: ='[1]120 LT ETÜV'!$L$2 -> 18284.5 | G5: 2025-09-04 15:23:18.023 | H5: =K5*1.8*1.4 -> 0 | I5: 1200 | J5: 1112
A6: LT-G0203 | B6: Belli Değil | C6: Laboratuar Etüvü, 250 litre kapasiteli, ortam sıcaklığı ile 200°C ±2°C arasında, PID dijital kontrol sistemli, Güvenlik termostatlı, Dahili Hava Sirkülasyon Sistemli, İç Yüzey Yapısı : Paslanmaz Çelik İç Hazne, Dış Yüzey Yapısı : Elektrostatik Toz Boyalı Çelik, 3 adet ayarlanabilir raf ile birlikte verilmektedir. 220 V, 50-60 Hz, 1 ph | D6: Laboratory oven, 250 L capacity, ambient to 200°C ±2°C, PID digital control system, equipped of a dual safety thermostat, fan circulated, stainless steel interior, electrostatic painted exterior, 3 adjustable shelves. 220 V, 50-60 Hz, 1 ph | E6: =H6*1.8*1.4 -> 0 | F6: ='[1]250 LT ETÜV'!$L$2 -> 23379.89 | G6: 2025-09-04 15:23:18.024 | H6: =K6*1.8*1.4 -> 0 | I6: 1500 | J6: 1500
A7: LT-G0203/H | B7: Belli Değil | C7: Laboratuar Etüvü, 250 litre kapasiteli, ortam sıcaklığı ile 300°C ±2°C arasında, PID dijital kontrol sistemli, Güvenlik termostatlı, Dahili Hava Sirkülasyon Sistemli, İç Yüzey Yapısı : Paslanmaz Çelik İç Hazne, Dış Yüzey Yapısı : Elektrostatik Toz Boyalı Çelik, 3 adet ayarlanabilir raf ile birlikte verilmektedir. 220 V, 50-60 Hz, 1 ph | D7: Laboratory oven, 250 L capacity, ambient to 300°C ±2°C, PID digital control system, equipped of a dual safety thermostat, fan circulated, stainless steel interior, electrostatic painted exterior, 3 adjustable shelves. 220 V, 50-60 Hz, 1 ph | E7: =H7*1.8*1.4 -> 0 | F7: ='[1]250 LT ETÜV'!$L$2 -> 23379.89 | G7: 2025-09-04 15:23:18.025 | H7: =K7*1.8*1.4 -> 0 | I7: 1562 | J7: 1550
A8: LT-G0204 | B8: Belli Değil | C8: Laboratuar Etüvü, 500 litre kapasiteli, ortam sıcaklığı ile 200°C ±2°C arasında, PID dijital kontrol sistemli, Güvenlik termostatlı, Dahili Hava Sirkülasyon Sistemli, İç Yüzey Yapısı : Paslanmaz Çelik İç Hazne, Dış Yüzey Yapısı : Elektrostatik Toz Boyalı Çelik, 4 adet ayarlanabilir raf ile birlikte verilmektedir. 380 V, 50-60 Hz, 3 ph | D8: Laboratory oven, 500 L capacity, ambient to 200°C ±2°C, PID digital control system, equipped of a dual safety thermostat, fan circulated, stainless steel interior, electrostatic painted exterior, 4 adjustable shelves. 380 V, 50-60 Hz, 3 ph | E8: =H8*1.8*1.4 -> 0 | F8: ='[1]500 LT ETÜV'!$L$2 -> 35220.5 | G8: 2025-09-04 15:23:18.026 | H8: =K8*1.8*1.4 -> 0 | I8: 2062 | J8: 1812
A9: LT-G0204/H | B9: Belli Değil | C9: Laboratuar Etüvü, 500 litre kapasiteli, ortam sıcaklığı ile 300°C ±2°C arasında, PID dijital kontrol sistemli, Güvenlik termostatlı, Dahili Hava Sirkülasyon Sistemli, İç Yüzey Yapısı : Paslanmaz Çelik İç Hazne, Dış Yüzey Yapısı : Elektrostatik Toz Boyalı Çelik, 4 adet ayarlanabilir raf ile birlikte verilmektedir. 380 V, 50-60 Hz, 3 ph | D9: Laboratory oven, 500 L capacity, ambient to 300°C ±2°C, PID digital control system, equipped of a dual safety thermostat, fan circulated, stainless steel interior, electrostatic painted exterior, 4 adjustable shelves. 380 V, 50-60 Hz, 3 ph | E9: =H9*1.8*1.4 -> 0 | F9: ='[1]500 LT ETÜV'!$L$2 -> 35220.5 | G9: 2025-09-04 15:23:18.027 | H9: =K9*1.8*1.4 -> 0 | I9: 2312 | J9: 1944
A10: LT-G0205 | B10: Belli Değil | C10: Laboratuar Etüvü, 700 litre kapasiteli, ortam sıcaklığı ile 200°C ±2°C arasında, PID dijital kontrol sistemli, Güvenlik termostatlı, Dahili Hava Sirkülasyon Sistemli, İç Yüzey Yapısı : Paslanmaz Çelik İç Hazne, Dış Yüzey Yapısı : Elektrostatik Toz Boyalı Çelik, 4 adet ayarlanabilir raf ile birlikte verilmektedir. 380 V, 50-60 Hz, 3 ph | D10: Laboratory oven, 700 L capacity, ambient to 200°C ±2°C, PID digital control system, equipped of a dual safety thermostat, fan circulated, stainless steel interior, electrostatic painted exterior, 4 adjustable shelves. 380 V, 50-60 Hz, 3 ph | E10: =H10*1.8*1.4 -> 0 | F10: 59000 | G10: 2025-09-04 15:23:18.028 | H10: =K10*1.8*1.4 -> 0 | I10: 2375 | J10: 2166
A11: LT-G0205/H | B11: Belli Değil | C11: Laboratuar Etüvü, 700 litre kapasiteli, ortam sıcaklığı ile 300°C ±2°C arasında, PID dijital kontrol sistemli, Güvenlik termostatlı, Dahili Hava Sirkülasyon Sistemli, İç Yüzey Yapısı : Paslanmaz Çelik İç Hazne, Dış Yüzey Yapısı : Elektrostatik Toz Boyalı Çelik, 4 adet ayarlanabilir raf ile birlikte verilmektedir. 380 V, 50-60 Hz, 3 ph | D11: Laboratory oven, 700 L capacity, ambient to 300°C ±2°C, PID digital control system, equipped of a dual safety thermostat, fan circulated, stainless steel interior, electrostatic painted exterior, 4 adjustable shelves. 380 V, 50-60 Hz, 3 ph | E11: =H11*1.8*1.4 -> 0 | F11: 59000 | G11: 2025-09-04 15:23:18.029 | H11: =K11*1.8*1.4 -> 0 | I11: 2450 | J11: 2361
A12: LT-G0206 | B12: Belli Değil | C12: Laboratuar Etüvü, 1000 litre kapasiteli, ortam sıcaklığı ile 200°C ±2°C arasında, PID dijital kontrol sistemli, Güvenlik termostatlı, Dahili Hava Sirkülasyon Sistemli, İç Yüzey Yapısı : Paslanmaz Çelik İç Hazne, Dış Yüzey Yapısı : Elektrostatik Toz Boyalı Çelik, 5 adet ayarlanabilir raf ile birlikte verilmektedir. 380 V, 50-60 Hz, 3 ph | D12: Laboratory oven, 1000 L capacity, ambient to 200°C ±2°C, PID digital control system, equipped of a dual safety thermostat, fan circulated, stainless steel interior, electrostatic painted exterior, 4 adjustable shelves. 380 V, 50-60 Hz, 3 ph | E12: =H12*1.8*1.4 -> 0 | F12: 64000 | G12: 2025-09-04 15:23:18.030 | H12: =K12*1.8*1.4 -> 0 | I12: 4250 | J12: 4100
A13: LT-G4600 | B13: Belli Değil | C13: Laboratuar Etüvü, 4600 litre kapasiteli, ortam sıcaklığı ile 200°C ±2°C arasında, PID dijital kontrol sistemli, Güvenlik termostatlı, Dahili Hava Sirkülasyon Sistemli, İç Yüzey Yapısı : Paslanmaz Çelik İç Hazne, Dış Yüzey Yapısı : Elektrostatik Toz Boyalı Çelik, 2 adet etüv arabası ile birlikte verilmektedir. 380 V, 50-60 Hz, 3 ph | D13: Laboratory oven, 4600 L capacity, ambient to 200°C ±2°C, PID digital control system, equipped of a dual safety thermostat, fan circulated, stainless steel interior, electrostatic painted exterior, 2 trolley. 380 V, 50-60 Hz, 3 ph | E13: =H13*1.8*1.4 -> 0 | F13: 88000 | G13: 2025-09-04 15:23:18.031 | H13: =K13*1.8*1.4 -> 0 | I13: 4250 | J13: 4100
A14: LT-G0207 | B14: Belli Değil | C14: Etüv Resiztans | D14: Resistance | E14: 750 | F14: 200 | G14: 2025-09-04 15:23:18.032 | H14: 750 | I14: 22 | J14: 21
A15: LT-G0208 | B15: Belli Değil | C15: Etüv Fan Motoru | D15: Laboratory oven Fan | E15: =H15*1.8*1.4*39 -> 0 | F15: 300 | G15: 2025-09-04 15:23:18.033 | H15: =K15*1.8*1.4*39 -> 0 | I15: 15 | J15: 14
A16: LT-G0275 | B16: Belli Değil | C16: Kül Fırını; Kullanılır hacim: 4 litre Sıcaklık Çalısma Aralığı : 1100 ºC Kontrol Sistemi : PID & MP Sıcaklık Hassasiyeti : ± 2 ºC İç yüzey Yapısı : Fiber Plaka ve Ates Tuğlası Dış Yüzey Yapısı : Elektrostatik Toz Boyalı Çelik 220 V, 50-60 Hz, 1 ph | D16: Muffle furnace, Capacity: 4 L, Max. Temperature: 1100°C Control System: PID & MP, Temperature Sensitivity: ± 2 ºC Internal Surface Material: Fiber plate and Fire Brick, Ext. Surface Material: Steel with Electrostatic Powder Paint 220 V, 50-60 Hz, 1 ph | E16: =H16*1.8*1.4 -> 0 | F16: 53130 | G16: 2025-09-04 15:23:18.034 | H16: =K16*1.8*1.4 -> 0 | I16: 2010 | J16: =X16 -> 0
A17: LT-G0276 | B17: Belli Değil | C17: Kül Fırını; Kullanılır hacim: 7 litre Sıcaklık Çalısma Aralığı : 1100 ºC Kontrol Sistemi : PID & MP Sıcaklık Hassasiyeti : ± 2 ºC İç yüzey Yapısı : Fiber Plaka ve Ates Tuğlası Dış Yüzey Yapısı : Elektrostatik Toz Boyalı Çelik 220 V, 50-60 Hz, 1 ph | D17: Muffle furnace, Capacity: 7 L, Max. Temperature: 1100°C Control System: PID & MP, Temperature Sensitivity: ± 2 ºC Internal Surface Material: Fiber plate and Fire Brick, Ext. Surface Material: Steel with Electrostatic Powder Paint 220 V, 50-60 Hz, 1 ph | E17: =H17*1.8*1.4 -> 0 | F17: 66000 | G17: 2025-09-04 15:23:18.035 | H17: =K17*1.8*1.4 -> 0 | I17: 2310 | J17: =X17 -> 0
A18: LT-G0277 | B18: Belli Değil | C18: Kül Fırını; Kullanılır hacim: 10 litre Sıcaklık Çalısma Aralığı : 1100 ºC Kontrol Sistemi : PID & MP Sıcaklık Hassasiyeti : ± 2 ºC İç yüzey Yapısı : Fiber Plaka ve Ates Tuğlası Dış Yüzey Yapısı : Elektrostatik Toz Boyalı Çelik 380 V, 50-60 Hz, 3 ph | D18: Muffle furnace, Capacity: 10 L, Max. Temperature: 1100°C Control System: PID & MP, Temperature Sensitivity: ± 2 ºC Internal Surface Material: Fiber plate and Fire Brick, Ext. Surface Material: Steel with Electrostatic Powder Paint 380 V, 50-60 Hz, 3 ph | E18: =H18*1.8*1.4 -> 0 | F18: 80000 | G18: 2025-09-04 15:23:18.036 | H18: =K18*1.8*1.4 -> 0 | I18: 3195 | J18: =X18 -> 0
A19: LT-G0278 | B19: Belli Değil | C19: Kül Fırını; Kullanılır hacim: 20 litre Sıcaklık Çalısma Aralığı : 1100 ºC Kontrol Sistemi : PID & MP Sıcaklık Hassasiyeti : ± 2 ºC İç yüzey Yapısı : Fiber Plaka ve Ates Tuğlası Dış Yüzey Yapısı : Elektrostatik Toz Boyalı Çelik 380 V, 50-60 Hz, 3 ph | D19: Muffle furnace, Capacity: 20 L, Max. Temperature: 1100°C Control System: PID & MP, Temperature Sensitivity: ± 2 ºC Internal Surface Material: Fiber plate and Fire Brick, Ext. Surface Material: Steel with Electrostatic Powder Paint 380 V, 50-60 Hz, 3 ph | E19: =H19*1.8*1.4 -> 0 | F19: 96600 | G19: 2025-09-04 15:23:18.037 | H19: =K19*1.8*1.4 -> 0 | I19: =W19 -> 0 | J19: =X19 -> 0
A20: LT-G0283 | B20: Belli Değil | C20: Kül Fırını; Kullanılır hacim: 45 litre Sıcaklık Çalısma Aralığı : 1100 ºC Kontrol Sistemi : PID & MP Sıcaklık Hassasiyeti : ± 2 ºC İç yüzey Yapısı : Fiber Plaka ve Ates Tuğlası Dış Yüzey Yapısı : Elektrostatik Toz Boyalı Çelik 380 V, 50-60 Hz, 3 ph | D20: Muffle furnace, Capacity: 45 L, Max. Temperature: 1100°C Control System: PID & MP, Temperature Sensitivity: ± 2 ºC Internal Surface Material: Fiber plate and Fire Brick, Ext. Surface Material: Steel with Electrostatic Powder Paint 380 V, 50-60 Hz, 3 ph | E20: =H20*1.8*1.4 -> 0 | F20: 140000 | G20: 2025-09-04 15:23:18.038 | H20: =K20*1.8*1.4 -> 0 | I20: =W20 -> 0 | J20: =X20 -> 0
A21: LT-G0279 | B21: Belli Değil | C21: Kül Fırını; Kullanılır hacim: 4 litre Sıcaklık Çalısma Aralığı : 1200 ºC Kontrol Sistemi : PID & MP Sıcaklık Hassasiyeti : ± 2 ºC İç yüzey Yapısı : Fiber Plaka ve Ates Tuğlası Dış Yüzey Yapısı : Elektrostatik Toz Boyalı Çelik 220 V, 50-60 Hz, 1 ph | D21: Muffle furnace, Capacity: 4 L, Max. Temperature: 1200°C Control System: PID & MP, Temperature Sensitivity: ± 2 ºC Internal Surface Material: Fiber plate and Fire Brick, Ext. Surface Material: Steel with Electrostatic Powder Paint 220 V, 50-60 Hz, 1 ph | E21: =H21*1.8*1.4 -> 0 | F21: 53130 | G21: 2025-09-04 15:23:18.039 | H21: =K21*1.8*1.4 -> 0 | I21: 2490 | J21: =X21 -> 0
A22: LT-G0280 | B22: Belli Değil | C22: Kül Fırını; Kullanılır hacim: 7 litre Sıcaklık Çalısma Aralığı : 1200 ºC Kontrol Sistemi : PID & MP Sıcaklık Hassasiyeti : ± 2 ºC İç yüzey Yapısı : Fiber Plaka ve Ates Tuğlası Dış Yüzey Yapısı : Elektrostatik Toz Boyalı Çelik 220 V, 50-60 Hz, 1 ph | D22: Muffle furnace, Capacity: 7 L, Max. Temperature: 1200°C Control System: PID & MP, Temperature Sensitivity: ± 2 ºC Internal Surface Material: Fiber plate and Fire Brick, Ext. Surface Material: Steel with Electrostatic Powder Paint 220 V, 50-60 Hz, 1 ph | E22: =H22*1.8*1.4 -> 0 | F22: 66000 | G22: 2025-09-04 15:23:18.040 | H22: =K22*1.8*1.4 -> 0 | I22: 2730 | J22: =X22 -> 0
A23: LT-G0281 | B23: Belli Değil | C23: Kül Fırını; Kullanılır hacim: 10 litre Sıcaklık Çalısma Aralığı : 1200 ºC Kontrol Sistemi : PID & MP Sıcaklık Hassasiyeti : ± 2 ºC İç yüzey Yapısı : Fiber Plaka ve Ates Tuğlası Dış Yüzey Yapısı : Elektrostatik Toz Boyalı Çelik 220 V, 50-60 Hz, 1 ph | D23: Muffle furnace, Capacity: 10 L, Max. Temperature: 1200°C Control System: PID & MP, Temperature Sensitivity: ± 2 ºC Internal Surface Material: Fiber plate and Fire Brick, Ext. Surface Material: Steel with Electrostatic Powder Paint 220 V, 50-60 Hz, 1 ph | E23: =H23*1.8*1.4 -> 0 | F23: 80000 | G23: 2025-09-04 15:23:18.041 | H23: =K23*1.8*1.4 -> 0 | I23: 2730 | J23: =X23 -> 0
A24: LT-G0282 | B24: Belli Değil | C24: Kül Fırını; Kullanılır hacim: 20 litre Sıcaklık Çalısma Aralığı : 1200 ºC Kontrol Sistemi : PID & MP Sıcaklık Hassasiyeti : ± 2 ºC İç yüzey Yapısı : Fiber Plaka ve Ates Tuğlası Dış Yüzey Yapısı : Elektrostatik Toz Boyalı Çelik 220 V, 50-60 Hz, 1 ph | D24: Muffle furnace, Capacity: 20 L, Max. Temperature: 1200°C Control System: PID & MP, Temperature Sensitivity: ± 2 ºC Internal Surface Material: Fiber plate and Fire Brick, Ext. Surface Material: Steel with Electrostatic Powder Paint 220 V, 50-60 Hz, 1 ph | E24: =H24*1.8*1.4 -> 0 | F24: 96600 | G24: 2025-09-04 15:23:18.042 | H24: =K24*1.8*1.4 -> 0 | I24: 2730 | J24: =X24 -> 0
A25: LT-G0284 | B25: Belli Değil | C25: Kül Fırını; Kullanılır hacim: 45 litre Sıcaklık Çalısma Aralığı : 1200 ºC Kontrol Sistemi : PID & MP Sıcaklık Hassasiyeti : ± 2 ºC İç yüzey Yapısı : Fiber Plaka ve Ates Tuğlası Dış Yüzey Yapısı : Elektrostatik Toz Boyalı Çelik 380 V, 50-60 Hz, 3 ph | D25: Muffle furnace, Capacity: 45 L, Max. Temperature: 1200°C Control System: PID & MP, Temperature Sensitivity: ± 2 ºC Internal Surface Material: Fiber plate and Fire Brick, Ext. Surface Material: Steel with Electrostatic Powder Paint 380 V, 50-60 Hz, 3 ph | E25: =H25*1.8*1.4 -> 0 | F25: 140000 | G25: 2025-09-04 15:23:18.043 | H25: =K25*1.8*1.4 -> 0 | I25: =W25 -> 0 | J25: =X25 -> 0
A26: LT-G0241 | B26: Belli Değil | C26: Dijital Elektrikli Ocak– Hot Plate Dış Yüzey Ölçüleri : 30x30 Sıcaklık Çalışma Aralığı : Ortam sıcaklıgı ile 350°C Kontrol Sistemi : PID Dijital Termostat Sıcaklık Hassasiyeti : ± 2 ºC Isıtma Tablası : Döküm / Kumlama Sac Dış Yüzey Yapısı : Elektrostatik Toz Boyalı Çelik Güç Değerleri : 220 V, 50 Hz, 1 ph | D26: Digital Electrical Hot Plate Dimensions : 30x30 Temperature Range is ambient to 350°C. Controller System : PID Digital Thermostat Heater Table made from Cast / Sand Blasting Sheet Iron. Power Supply : 220 V, 50 Hz, 1 ph | E26: =H26*1.8*1.4 -> 0 | F26: 9500 | G26: 2025-09-04 15:23:18.044 | H26: =K26*1.8*1.4 -> 0 | I26: 591 | J26: 550
A27: LT-G0242 | B27: Belli Değil | C27: Dijital Elektrikli Ocak– Hot Plate Dış Yüzey Ölçüleri : 30x60 Sıcaklık Çalışma Aralığı : Ortam sıcaklıgı ile 350°C Kontrol Sistemi : PID Dijital Termostat Sıcaklık Hassasiyeti : ± 2 ºC Isıtma Tablası : Döküm / Kumlama Sac Dış Yüzey Yapısı : Elektrostatik Toz Boyalı Çelik Güç Değerleri : 220 V, 50 Hz, 1 ph | D27: Digital Electrical Hot Plate Dimensions : 30x60 Temperature Range is ambient to 350°C. Controller System : PID Digital Thermostat Heater Table made from Cast / Sand Blasting Sheet Iron. Power Supply : 220 V, 50 Hz, 1 ph | E27: =H27*1.8*1.4 -> 0 | F27: 0 | G27: 2025-09-04 15:23:18.045 | H27: =K27*1.8*1.4 -> 0 | I27: 591 | J27: 550
A28: LT-G0243 | B28: Belli Değil | C28: Dijital Elektrikli Ocak– Hot Plate Dış Yüzey Ölçüleri : 40x40 Sıcaklık Çalışma Aralığı : Ortam sıcaklıgı ile 350°C Kontrol Sistemi : PID Dijital Termostat Sıcaklık Hassasiyeti : ± 2 ºC Isıtma Tablası : Döküm / Kumlama Sac Dış Yüzey Yapısı : Elektrostatik Toz Boyalı Çelik Güç Değerleri : 220 V, 50 Hz, 1 ph | D28: Digital Electrical Hot Plate Dimensions : 40x40 Temperature Range is ambient to 350°C. Controller System : PID Digital Thermostat Heater Table made from Cast / Sand Blasting Sheet Iron. Power Supply : 220 V, 50 Hz, 1 ph | E28: =H28*1.8*1.4 -> 0 | F28: 10000 | G28: 2025-09-04 15:23:18.046 | H28: =K28*1.8*1.4 -> 0 | I28: 711 | J28: 740
A29: LT-G0244 | B29: Belli Değil | C29: Tekli Elektrikli Ocak, 1500 Watt, Analog Termostatlı | D29: Single Hot Plate. 1500 Watt. Analog Thermostat. | E29: =H29*1.8*1.4 -> 0 | F29: 800 | G29: 2025-09-04 15:23:18.047 | H29: =K29*1.8*1.4 -> 0 | I29: 72 | J29: =X29 -> 0
A30: LT-G0245 | B30: Belli Değil | C30: Çift Gözlü Elektrikli Ocak, 1000+1500 Watt, Analog Termostatlı | D30: Double Hot Plate. 1000+1500 Watt. Analog Thermostat. | E30: =H30*1.8*1.4 -> 0 | F30: 1800 | G30: 2025-09-04 15:23:18.048 | H30: =K30*1.8*1.4 -> 0 | I30: 84 | J30: =X30 -> 0
A31: LT-G0246 | B31: Belli Değil | C31: Analog Isıtıcılı Manyetik Karıştırıcı. 380°C'ye kadar ısıtma özelliği, 80-1500 devir/dakika hız. 20 litre karıştırma kapasiteli, Hız ve Sıcaklık Ayarı Analog. Seramik kaplı tabla, 190 x 190 mm tabla boyutu, , 600 W, 2 adet manyetik balık ile birlikte. | D31: Analog Hot plate with magnetic stirrer, ambient to 380 °C temperature range, 80-1500 rpm stirring speed, 20 lt stirring capacity, Ceramic table, 180x180 mm hot plate. 220-240V, 50-60Hz, 1ph | E31: =H31*1.8*1.4 -> 0 | F31: 12000 | G31: 2025-09-04 15:23:18.049 | H31: =K31*1.8*1.4 -> 0 | I31: 720 | J31: =X31 -> 0
A32: LT-G0247 | B32: Belli Değil | C32: Dijital Isıtıcılı Manyetik Karıştırıcı. 380°C'ye kadar ısıtma özelliği, 80-1500 devir/dakika hız. 20 litre karıştırma kapasiteli, Hız ve Sıcaklık Ayarı Analog. Seramik kaplı tabla, 190 x 190 mm tabla boyutu, , 600 W, 2 adet manyetik balık ile birlikte. | D32: Digital Hot plate with magnetic stirrer, ambient to 380 °C temperature range, 80-1500 rpm stirring speed, 20 lt stirring capacity, Ceramic table, 180x180 mm hot plate. 220-240V, 50-60Hz, 1ph | E32: =H32*1.8*1.4 -> 0 | F32: 16000 | G32: 2025-09-04 15:23:18.050 | H32: =K32*1.8*1.4 -> 0 | I32: 900 | J32: =X32 -> 0
A33: LT-G0248 | B33: Belli Değil | C33: ÇEKER OCAK | D33: Fume Hood | E33: =H33*1.8*1.4 -> 0 | F33: 80000 | G33: 2025-09-04 15:23:18.051 | H33: =K33*1.8*1.4 -> 0 | I33: 7500
A34: LT-G0250 | B34: Belli Değil | C34: Kurutma Makinası, 220 V, 50-60 Hz, 1 ph | D34: Warm-Air Drier, 220 V, 50-60 Hz, 1 ph | E34: =H34*1.8*1.4 -> 0 | F34: 600 | G34: 2025-09-04 15:23:18.052 | H34: =K34*1.8*1.4 -> 0 | I34: 78 | J34: =X34 -> 0
A35: LT-G0255 | B35: Belli Değil | C35: Sıcak Hava Tabancası, 250/500 lt/dak - 350/550°C 230 V, 50-60 Hz, 1 ph | D35: Hot Air Gun, 250/500 L/min - 350/550°C . 220 V, 50-60 Hz, 1 ph | E35: =H35*1.8*1.4 -> 0 | F35: 2000 | G35: 2025-09-04 15:23:18.053 | H35: =K35*1.8*1.4 -> 0 | I35: 111 | J35: =X35 -> 0
A36: LT-G0260 | B36: Belli Değil | C36: Mikrodalga Fırın, 17 L kapasiteli, max 250 °C, 100 dakikaya ayarlanabilir mekanik program saati, döner cam tepsi ve döner destek aparatı. 220 V, 50-60 Hz, 1 ph | D36: Microwave Oven, 17 L capacity, max 250 °C, 100 min program timer, turntable system, 220 V, 50-60 Hz, 1 ph | E36: =H36*1.8*1.4 -> 0 | F36: 2700 | G36: 2025-09-04 15:23:18.054 | H36: =K36*1.8*1.4 -> 0 | I36: 192 | J36: =X36 -> 0
A37: LT-A0072 | B37: Belli Değil | C37: Hızlı Nem Tayin Cihazı(Speedy Moisture Test), Arazi koşullarında toz, karışım ve hamur haldeki toprak, kum, kil, agrega ve diğer granüler malzemelerin nem içeriklerini hızlı ve doğru tespit eder. Kapasite: 20 gr. Hassas Terazisi, ölçüm kaşığı ve kabı, 1 kutu kalsiyum karpit tepkileyici, temizleme fırçası, ahşap muhafazası ile birlikte set olarak verilmektedir. | D37: Speedy Moisture Test, used to determine moisture content in soils, sand and fine aggregates. 20 gr sample can be used. Precision Scale, measuring spoons and cups, 1 box of calcium carbide reagent, cleaning brush, wooden enclosure wit a complete set as. | E37: =H37*1.8*1.4 -> 0 | F37: 1200 | G37: 2025-09-04 15:23:18.055 | H37: =K37*1.8*1.4 -> 0 | I37: 1250 | J37: =X37 -> 0
A38: LT-G0097 | B38: Belli Değil | C38: Desikatör; 210 mm çapında | D38: Non-Vacuum Dessicator Ø 210 mm | E38: =H38*1.8*1.4 -> 0 | F38: =46.26*42.3 -> 1956.798 | G38: 2025-09-04 15:23:18.056 | H38: =K38*1.8*1.4 -> 0 | I38: 90 | J38: =X38 -> 0
A39: LT-G0098 | B39: Belli Değil | C39: Desikatör; 240 mm çapında | D39: Non-Vacuum Dessicator Ø 240 mm | E39: =H39*1.8*1.4 -> 0 | F39: =58.65*42.3 -> 2480.895 | G39: 2025-09-04 15:23:18.057 | H39: =K39*1.8*1.4 -> 0 | I39: 132 | J39: =X39 -> 0
A40: LT-G0099 | B40: Belli Değil | C40: Desikatör; 300 mm çapında | D40: Non-Vacuum Dessicator Ø 300 mm | E40: =H40*1.8*1.4 -> 0 | F40: =99.24*42.3 -> 4197.852 | G40: 2025-09-04 15:23:18.058 | H40: =K40*1.8*1.4 -> 0 | I40: 180 | J40: =X40 -> 0
A41: LT-G0100 | B41: Belli Değil | C41: Desikatör; 210 mm çapında, vakum tip | D41: Vacuum Dessicator Ø 210 mm | E41: =H41*1.8*1.4 -> 0 | F41: =63.19*42.3 -> 2672.937 | G41: 2025-09-04 15:23:18.059 | H41: =K41*1.8*1.4 -> 0 | I41: 114 | J41: =X41 -> 0
A42: LT-G0101 | B42: Belli Değil | C42: Desikatör; 240 mm çapında, vakum tip | D42: Vacuum Dessicator Ø 240 mm | E42: =H42*1.8*1.4 -> 0 | F42: =93.62*42.3 -> 3960.126 | G42: 2025-09-04 15:23:18.060 | H42: =K42*1.8*1.4 -> 0 | I42: 168 | J42: =X42 -> 0
A43: LT-G0102 | B43: Belli Değil | C43: Desikatör; 300 mm çapında, vakum tip | D43: Vacuum Dessicator Ø 300 mm | E43: =H43*1.8*1.4 -> 0 | F43: =125.19*42.3 -> 5295.537 | G43: 2025-09-04 15:23:18.061 | H43: =K43*1.8*1.4 -> 0 | I43: 225 | J43: =X43 -> 0
A44: LT-G0355 | B44: Belli Değil | C44: Dijital Agrega Rutubet Ölçer. 1 m ölçüm probu. Ölçüm Süresi: 2 saniye, Sıcaklık Aralığı: -20 to 60 C. Sıcaklık Kararlılığı: 0.1°C, Sıcaklık Hassasiyeti: <0.5°C, Nem Aralığı: 0-25%, Nem Kararlılığı: ±0.1%, Nem Hassasiyeti: Okumanın ±0.5%,'i. Batarya: 4x1.5V AA alkali pil. Ağırlık: 1500 g | D44: Digital Aggregate Moisture Tester. 1 m measuring probe. Temperature range: -20 to 60 C. Moisture Range: 0-25%, Battery: 4 x 1.5 V AA alkaline cells (or equivalent). Weight: 1500 gr | E44: =H44*1.8*1.4 -> 0 | F44: 7420 | G44: 2025-09-04 15:23:18.062 | H44: =K44*1.8*1.4 -> 0 | I44: 4200 | J44: =X44 -> 0
A45: LT-A0012/S | B45: Belli Değil | C45: Tel Çubuklu Yassılık Elek Seti, EN 933-3 standardında, sac çerçeve, paslanmaz çelik çubuklu, çubuklar arası 2,50, 3,15, 4,00, 5,00, 6,30, 8,00, 10,00, 12,50, 16,00, 20,00, 25,00, 31,50, 40,00 mm açıklık | D45: Grid Sieve Set, conforming EN 933-3 standard, sheet metal frame, stainless steel bars, 13 units of sieves with 2.50, 3.15, 4.00, 5.00, 6.30, 8.00, 10.00, 12.50, 16.00, 20.00, 25.00, 31.50, 40.00 mm apertures | E45: =H45*1.8*1.4 -> 0 | F45: 17500 | G45: 2025-09-04 15:23:18.063 | H45: =K45*1.8*1.4 -> 0 | I45: 936 | J45: =X45 -> 0
A46: LT-A0012 | B46: Belli Değil | C46: Tel Çubuklu Yassılık Eleği , metal çerçeve, çelik çubuklu 2,5 mm açıklığında | D46: Grid Sieve , 2,5 mm | E46: =H46*1.8*1.4 -> 0 | F46: ='[2]2,5mm'!$L$2 -> 1440.5 | G46: 2025-09-04 15:23:18.064 | H46: =K46*1.8*1.4 -> 0 | I46: 72 | J46: =X46 -> 0
A47: LT-A0013 | B47: Belli Değil | C47: Tel Çubuklu Yassılık Eleği , metal çerçeve, çelik çubuklu 3,15 mm açıklığında | D47: Grid Sieve , 3,15 mm | E47: =H47*1.8*1.4 -> 0 | F47: ='[2]3,15mm'!$L$2 -> 1440.5 | G47: 2025-09-04 15:23:18.065 | H47: =K47*1.8*1.4 -> 0 | I47: 72 | J47: =X47 -> 0
A48: LT-A0014 | B48: Belli Değil | C48: Tel Çubuklu Yassılık Eleği , metal çerçeve, çelik çubuklu 4 mm açıklığında | D48: Grid Sieve , 4 mm | E48: =H48*1.8*1.4 -> 0 | F48: ='[2]4mm'!$L$2 -> 1427 | G48: 2025-09-04 15:23:18.066 | H48: =K48*1.8*1.4 -> 0 | I48: 72 | J48: =X48 -> 0
A49: LT-A0015 | B49: Belli Değil | C49: Tel Çubuklu Yassılık Eleği , metal çerçeve, çelik çubuklu 5 mm açıklığında | D49: Grid Sieve , 5 mm | E49: =H49*1.8*1.4 -> 0 | F49: ='[2]5mm'!$L$2 -> 1413.5 | G49: 2025-09-04 15:23:18.067 | H49: =K49*1.8*1.4 -> 0 | I49: 72 | J49: =X49 -> 0
A50: LT-A0016 | B50: Belli Değil | C50: Tel Çubuklu Yassılık Eleği , metal çerçeve, çelik çubuklu 6,3 mm açıklığında | D50: Grid Sieve , 6,3 mm | E50: =H50*1.8*1.4 -> 0 | F50: ='[2]6,3mm'!$L$2 -> 1400 | G50: 2025-09-04 15:23:18.068 | H50: =K50*1.8*1.4 -> 0 | I50: 72 | J50: =X50 -> 0
A51: LT-A0017 | B51: Belli Değil | C51: Tel Çubuklu Yassılık Eleği , metal çerçeve, çelik çubuklu 8 mm açıklığında | D51: Grid Sieve , 8 mm | E51: =H51*1.8*1.4 -> 0 | F51: ='[2]8mm'!$L$2 -> 1359.5 | G51: 2025-09-04 15:23:18.069 | H51: =K51*1.8*1.4 -> 0 | I51: 72 | J51: =X51 -> 0
A52: LT-A0018 | B52: Belli Değil | C52: Tel Çubuklu Yassılık Eleği , metal çerçeve, çelik çubuklu 10 mm açıklığında | D52: Grid Sieve , 10 mm | E52: =H52*1.8*1.4 -> 0 | F52: ='[2]10mm'!$L$2 -> 1336.55 | G52: 2025-09-04 15:23:18.070 | H52: =K52*1.8*1.4 -> 0 | I52: 72 | J52: =X52 -> 0
A53: LT-A0019 | B53: Belli Değil | C53: Tel Çubuklu Yassılık Eleği , metal çerçeve, çelik çubuklu 12,5 mm açıklığında | D53: Grid Sieve , 12,5 mm | E53: =H53*1.8*1.4 -> 0 | F53: ='[2]12,5mm'!$L$2 -> 1325.75 | G53: 2025-09-04 15:23:18.071 | H53: =K53*1.8*1.4 -> 0 | I53: 72 | J53: =X53 -> 0
A54: LT-A0020 | B54: Belli Değil | C54: Tel Çubuklu Yassılık Eleği , metal çerçeve, çelik çubuklu 16 mm açıklığında | D54: Grid Sieve , 16 mm | E54: =H54*1.8*1.4 -> 0 | F54: ='[2]16mm'!$L$2 -> 1302.8 | G54: 2025-09-04 15:23:18.072 | H54: =K54*1.8*1.4 -> 0 | I54: 72 | J54: =X54 -> 0
A55: LT-A0021 | B55: Belli Değil | C55: Tel Çubuklu Yassılık Eleği , metal çerçeve, çelik çubuklu 20 mm açıklığında | D55: Grid Sieve , 20 mm | E55: =H55*1.8*1.4 -> 0 | F55: ='[2]20mm'!$L$2 -> 1296.05 | G55: 2025-09-04 15:23:18.073 | H55: =K55*1.8*1.4 -> 0 | I55: 72 | J55: =X55 -> 0
A56: LT-A0022 | B56: Belli Değil | C56: Tel Çubuklu Yassılık Eleği , metal çerçeve, çelik çubuklu 25 mm açıklığında | D56: Grid Sieve , 25 mm | E56: =H56*1.8*1.4 -> 0 | F56: ='[2]25mm'!$L$2 -> 1292 | G56: 2025-09-04 15:23:18.074 | H56: =K56*1.8*1.4 -> 0 | I56: 72 | J56: =X56 -> 0
A57: LT-A0023 | B57: Belli Değil | C57: Tel Çubuklu Yassılık Eleği , metal çerçeve, çelik çubuklu 31,5 mm açıklığında | D57: Grid Sieve , 31,5 mm | E57: =H57*1.8*1.4 -> 0 | F57: ='[2]31,5mm'!$L$2 -> 1270.5 | G57: 2025-09-04 15:23:18.075 | H57: =K57*1.8*1.4 -> 0 | I57: 72 | J57: =X57 -> 0
A58: LT-A0024 | B58: Belli Değil | C58: Tel Çubuklu Yassılık Eleği , metal çerçeve, çelik çubuklu 40 mm açıklığında | D58: Grid Sieve , 40 mm | E58: =H58*1.8*1.4 -> 0 | F58: ='[2]40mm'!$L$2 -> 1265.1 | G58: 2025-09-04 15:23:18.076 | H58: =K58*1.8*1.4 -> 0 | I58: 72 | J58: =X58 -> 0
A59: LT-A0025 | B59: Belli Değil | C59: Tel Çubuklu Yassılık Eleği , metal çerçeve, çelik çubuklu 50 mm açıklığında | D59: Grid Sieve , 50 mm | E59: =H59*1.8*1.4 -> 0 | F59: 1265.1 | G59: 2025-09-04 15:23:18.077 | H59: =K59*1.8*1.4 -> 0 | I59: 72 | J59: =X59 -> 0
A60: LT-A0005/S | B60: Belli Değil | C60: Yassılık Elek Seti, BS 812 standardında, dikdörtgen tepsi şekilli, 4,9x30, 7,2x40, 10,2x50 , 14,4x60, 19,7x70, 26,3x80, 33,9x100 mm. yarıklı ölçülerden oluşan 7 adet elek | D60: Flakiness Sieve Set, 4,9x30, 7,2x40, 10,2x50 , 14,4x60, 19,7x70, 26,3x80, 33,9x100 mm | E60: =H60*1.8*1.4 -> 0 | F60: 400 | G60: 2025-09-04 15:23:18.078 | H60: =K60*1.8*1.4 -> 0 | I60: 357 | J60: =X60 -> 0
A61: LT-A0005 | B61: Belli Değil | C61: Yassılık Eleği 4,9x30mm göz açıklığında | D61: Flakiness Sieve 4,9x30mm | E61: =H61*1.8*1.4 -> 0 | F61: 55 | G61: 2025-09-04 15:23:18.079 | H61: =K61*1.8*1.4 -> 0 | I61: 51 | J61: =X61 -> 0
A62: LT-A0006 | B62: Belli Değil | C62: Yassılık Eleği 7,2x40mm göz açıklığında | D62: Flakiness Sieve 7,2x40mm | E62: =H62*1.8*1.4 -> 0 | F62: 55 | G62: 2025-09-04 15:23:18.080 | H62: =K62*1.8*1.4 -> 0 | I62: 51 | J62: =X62 -> 0
A63: LT-A0007 | B63: Belli Değil | C63: Yassılık Eleği 10,2x50mm göz açıklığında | D63: Flakiness Sieve 10,2x50mm | E63: =H63*1.8*1.4 -> 0 | F63: 55 | G63: 2025-09-04 15:23:18.081 | H63: =K63*1.8*1.4 -> 0 | I63: 51 | J63: =X63 -> 0
A64: LT-A0008 | B64: Belli Değil | C64: Yassılık Eleği 14,4x60mm göz açıklığında | D64: Flakiness Sieve 14,4x60mm | E64: =H64*1.8*1.4 -> 0 | F64: 55 | G64: 2025-09-04 15:23:18.082 | H64: =K64*1.8*1.4 -> 0 | I64: 51 | J64: =X64 -> 0
A65: LT-A0009 | B65: Belli Değil | C65: Yassılık Eleği 19,7x70mm göz açıklığında | D65: Flakiness Sieve 19,7x70mm | E65: =H65*1.8*1.4 -> 0 | F65: 55 | G65: 2025-09-04 15:23:18.083 | H65: =K65*1.8*1.4 -> 0 | I65: 51 | J65: =X65 -> 0
A66: LT-A0010 | B66: Belli Değil | C66: Yassılık Eleği 26,3x80mm göz açıklığında | D66: Flakiness Sieve 26,3x80mm | E66: =H66*1.8*1.4 -> 0 | F66: 55 | G66: 2025-09-04 15:23:18.084 | H66: =K66*1.8*1.4 -> 0 | I66: 51 | J66: =X66 -> 0
A67: LT-A0011 | B67: Belli Değil | C67: Yassılık Eleği 33,9x100mm göz açıklığında | D67: Flakiness Sieve 33,9x100mm | E67: =H67*1.8*1.4 -> 0 | F67: 55 | G67: 2025-09-04 15:23:18.085 | H67: =K67*1.8*1.4 -> 0 | I67: 51 | J67: =X67 -> 0
A68: LT-G5007 | B68: Belli Değil | C68: Yıkama Eleği, Ø200x100mm derinlik, paslanmaz çelik kasnak ve elek teli, örgü tel, 6.3 mm göz açıklığı | D68: Wet Washing Sieve, Ø200x100mm deep, stainless steel frame and mesh, woven cloth, 6.3 mm aperture | E68: =H68*1.8*1.4 -> 0 | F68: =28*42.3 -> 1184.4 | G68: 2025-09-04 15:23:18.086 | H68: =K68*1.8*1.4 -> 0 | I68: 66 | J68: =X68 -> 0
A69: LT-G5008 | B69: Belli Değil | C69: Yıkama Eleği, Ø200x100mm derinlik, paslanmaz çelik kasnak ve elek teli, örgü tel, 4,75 mm (#4) göz açıklığı | D69: Wet Washing Sieve, Ø200x100mm deep, stainless steel frame and mesh, woven cloth, 4,75 mm aperture | E69: =H69*1.8*1.4 -> 0 | F69: =28*42.3 -> 1184.4 | G69: 2025-09-04 15:23:18.087 | H69: =K69*1.8*1.4 -> 0 | I69: 66 | J69: =X69 -> 0
A70: LT-G5009 | B70: Belli Değil | C70: Yıkama Eleği, Ø200x100mm derinlik, paslanmaz çelik kasnak ve elek teli, örgü tel, 2 mm (#10) göz açıklığı | D70: Wet Washing Sieve, Ø200x100mm deep, stainless steel frame and mesh, woven cloth, 2 mm aperture | E70: =H70*1.8*1.4 -> 0 | F70: =28*42.3 -> 1184.4 | G70: 2025-09-04 15:23:18.088 | H70: =K70*1.8*1.4 -> 0 | I70: 66 | J70: =X70 -> 0
A71: LT-G5010 | B71: Belli Değil | C71: Yıkama Eleği, Ø200x100mm derinlik, paslanmaz çelik kasnak ve elek teli, örgü tel, 425µm (#40) göz açıklığı | D71: Wet Washing Sieve, Ø200x100mm deep, stainless steel frame and mesh, woven cloth, 425 µm mm aperture | E71: =H71*1.8*1.4 -> 0 | F71: =28*42.3 -> 1184.4 | G71: 2025-09-04 15:23:18.089 | H71: =K71*1.8*1.4 -> 0 | I71: 66 | J71: =X71 -> 0
A72: LT-G5011 | B72: Belli Değil | C72: Yıkama Eleği, Ø200x100mm derinlik, paslanmaz çelik kasnak ve elek teli, örgü tel, 75µm (#200) göz açıklığı | D72: Wet Washing Sieve, Ø200x100mm deep, stainless steel frame and mesh, woven cloth, 75µm (#200) aperture | E72: =H72*1.8*1.4 -> 0 | F72: =28*42.3 -> 1184.4 | G72: 2025-09-04 15:23:18.090 | H72: =K72*1.8*1.4 -> 0 | I72: 66 | J72: =X72 -> 0
A73: LT-G5012 | B73: Belli Değil | C73: Yıkama Eleği, Ø200x100mm derinlik, paslanmaz çelik kasnak ve elek teli, örgü tel, 63µm (#230) göz açıklığı | D73: Wet Washing Sieve, Ø200x100mm deep, stainless steel frame and mesh, woven cloth, 63µm (#230) aperture | E73: =H73*1.8*1.4 -> 0 | F73: =28*42.3 -> 1184.4 | G73: 2025-09-04 15:23:18.091 | H73: =K73*1.8*1.4 -> 0 | I73: 66 | J73: =X73 -> 0
A74: LT-G6007 | B74: Belli Değil | C74: Yıkama Eleği, Ø300x100mm derinlik, paslanmaz çelik kasnak ve elek teli, örgü tel, 6.3 mm göz açıklığı | D74: Wet Washing Sieve, Ø300x100mm deep, stainless steel frame and mesh, woven cloth, 6.3 mm aperture | E74: =H74*1.8*1.4 -> 0 | F74: =38.5*42.3 -> 1628.55 | G74: 2025-09-04 15:23:18.092 | H74: =K74*1.8*1.4 -> 0 | I74: 81 | J74: =X74 -> 0
A75: LT-G6008 | B75: Belli Değil | C75: Yıkama Eleği, Ø300x100mm derinlik, paslanmaz çelik kasnak ve elek teli, örgü tel, 4,75 mm (#4) göz açıklığı | D75: Wet Washing Sieve, Ø300x100mm deep, stainless steel frame and mesh, woven cloth, 4,75 mm aperture | E75: =H75*1.8*1.4 -> 0 | F75: =38.5*42.3 -> 1628.55 | G75: 2025-09-04 15:23:18.093 | H75: =K75*1.8*1.4 -> 0 | I75: 81 | J75: =X75 -> 0
A76: LT-G6009 | B76: Belli Değil | C76: Yıkama Eleği, Ø300x100mm derinlik, paslanmaz çelik kasnak ve elek teli, örgü tel, 2 mm (#10) göz açıklığı | D76: Wet Washing Sieve, Ø300x100mm deep, stainless steel frame and mesh, woven cloth, 2 mm aperture | E76: =H76*1.8*1.4 -> 0 | F76: =38.5*42.3 -> 1628.55 | G76: 2025-09-04 15:23:18.094 | H76: =K76*1.8*1.4 -> 0 | I76: 81 | J76: =X76 -> 0
A77: LT-G6010 | B77: Belli Değil | C77: Yıkama Eleği, Ø300x100mm derinlik, paslanmaz çelik kasnak ve elek teli, örgü tel, 425µm (#40) göz açıklığı | D77: Wet Washing Sieve, Ø300x100mm deep, stainless steel frame and mesh, woven cloth, 425 µm mm aperture | E77: =H77*1.8*1.4 -> 0 | F77: =38.5*42.3 -> 1628.55 | G77: 2025-09-04 15:23:18.095 | H77: =K77*1.8*1.4 -> 0 | I77: 81 | J77: =X77 -> 0
A78: LT-G6011 | B78: Belli Değil | C78: Yıkama Eleği, Ø300x100mm derinlik, paslanmaz çelik kasnak ve elek teli, örgü tel, 75µm (#200) göz açıklığı | D78: Wet Washing Sieve, Ø300x100mm deep, stainless steel frame and mesh, woven cloth, 75µm (#200) aperture | E78: =H78*1.8*1.4 -> 0 | F78: =38.5*42.3 -> 1628.55 | G78: 2025-09-04 15:23:18.096 | H78: =K78*1.8*1.4 -> 0 | I78: 81 | J78: =X78 -> 0
A79: LT-G6012 | B79: Belli Değil | C79: Yıkama Eleği, Ø300x100mm derinlik, paslanmaz çelik kasnak ve elek teli, örgü tel, 63µm (#230) göz açıklığı | D79: Wet Washing Sieve, Ø300x100mm deep, stainless steel frame and mesh, woven cloth, 63µm (#230) aperture | E79: =H79*1.8*1.4 -> 0 | F79: =38.5*42.3 -> 1628.55 | G79: 2025-09-04 15:23:18.097 | H79: =K79*1.8*1.4 -> 0 | I79: 81 | J79: =X79 -> 0
A80: LT-G1001 | B80: Belli Değil | C80: Elek, Ø200x50mm derinlik, paslanmaz çelik kasnak ve elek teli, örgü tel, 125mm göz açıklığı | D80: Sieve, Ø200x50mm , stainless steel , 125mm | E80: =H80*1.8*1.4 -> 0 | F80: =24.5*42.3 -> 1036.35 | G80: 2025-09-04 15:23:18.098 | H80: =K80*1.8*1.4 -> 0 | I80: 54 | J80: =X80 -> 0
A81: LT-G1002 | B81: Belli Değil | C81: Elek, Ø200x50mm derinlik, paslanmaz çelik kasnak ve elek teli, örgü tel, 100mm (4") göz açıklığı | D81: Sieve, Ø200x50mm , stainless steel , 100mm (4") | E81: =H81*1.8*1.4 -> 0 | F81: =24.5*42.3 -> 1036.35 | G81: 2025-09-04 15:23:18.099 | H81: =K81*1.8*1.4 -> 0 | I81: 54 | J81: =X81 -> 0
A82: LT-G1003 | B82: Belli Değil | C82: Elek, Ø200x50mm derinlik, paslanmaz çelik kasnak ve elek teli, örgü tel, 90mm (3-½") göz açıklığı | D82: Sieve, Ø200x50mm , stainless steel , 90mm (3-½") | E82: =H82*1.8*1.4 -> 0 | F82: =24.5*42.3 -> 1036.35 | G82: 2025-09-04 15:23:18.100 | H82: =K82*1.8*1.4 -> 0 | I82: 54 | J82: =X82 -> 0
A83: LT-G1004 | B83: Belli Değil | C83: Elek, Ø200x50mm derinlik, paslanmaz çelik kasnak ve elek teli, örgü tel, 80mm göz açıklığı | D83: Sieve, Ø200x50mm , stainless steel , 80mm | E83: =H83*1.8*1.4 -> 0 | F83: =24.5*42.3 -> 1036.35 | G83: 2025-09-04 15:23:18.101 | H83: =K83*1.8*1.4 -> 0 | I83: 54 | J83: =X83 -> 0
A84: LT-G1005 | B84: Belli Değil | C84: Elek, Ø200x50mm derinlik, paslanmaz çelik kasnak ve elek teli, örgü tel, 75mm (3") göz açıklığı | D84: Sieve, Ø200x50mm , stainless steel , 75mm (3") | E84: =H84*1.8*1.4 -> 0 | F84: =24.5*42.3 -> 1036.35 | G84: 2025-09-04 15:23:18.102 | H84: =K84*1.8*1.4 -> 0 | I84: 54 | J84: =X84 -> 0
A85: LT-G1006 | B85: Belli Değil | C85: Elek, Ø200x50mm derinlik, paslanmaz çelik kasnak ve elek teli, örgü tel, 63mm (2-½") göz açıklığı | D85: Sieve, Ø200x50mm , stainless steel , 63mm (2-½") | E85: =H85*1.8*1.4 -> 0 | F85: =24.5*42.3 -> 1036.35 | G85: 2025-09-04 15:23:18.103 | H85: =K85*1.8*1.4 -> 0 | I85: 54 | J85: =X85 -> 0
A86: LT-G1007 | B86: Belli Değil | C86: Elek, Ø200x50mm derinlik, paslanmaz çelik kasnak ve elek teli, örgü tel, 56mm göz açıklığı | D86: Sieve, Ø200x50mm , stainless steel , 56mm | E86: =H86*1.8*1.4 -> 0 | F86: =24.5*42.3 -> 1036.35 | G86: 2025-09-04 15:23:18.104 | H86: =K86*1.8*1.4 -> 0 | I86: 54 | J86: =X86 -> 0
A87: LT-G1008 | B87: Belli Değil | C87: Elek, Ø200x50mm derinlik, paslanmaz çelik kasnak ve elek teli, örgü tel, 53mm (2.12") göz açıklığı | D87: Sieve, Ø200x50mm , stainless steel , 53mm (2.12") | E87: =H87*1.8*1.4 -> 0 | F87: =24.5*42.3 -> 1036.35 | G87: 2025-09-04 15:23:18.105 | H87: =K87*1.8*1.4 -> 0 | I87: 54 | J87: =X87 -> 0
A88: LT-G1009 | B88: Belli Değil | C88: Elek, Ø200x50mm derinlik, paslanmaz çelik kasnak ve elek teli, örgü tel, 50mm (2") göz açıklığı | D88: Sieve, Ø200x50mm , stainless steel , 50mm (2") | E88: =H88*1.8*1.4 -> 0 | F88: =24.5*42.3 -> 1036.35 | G88: 2025-09-04 15:23:18.106 | H88: =K88*1.8*1.4 -> 0 | I88: 54 | J88: =X88 -> 0
A89: LT-G1010 | B89: Belli Değil | C89: Elek, Ø200x50mm derinlik, paslanmaz çelik kasnak ve elek teli, örgü tel, 45mm (1-¾") göz açıklığı | D89: Sieve, Ø200x50mm , stainless steel , 45mm (1-¾") | E89: =H89*1.8*1.4 -> 0 | F89: =24.5*42.3 -> 1036.35 | G89: 2025-09-04 15:23:18.107 | H89: =K89*1.8*1.4 -> 0 | I89: 54 | J89: =X89 -> 0
A90: LT-G1011 | B90: Belli Değil | C90: Elek, Ø200x50mm derinlik, paslanmaz çelik kasnak ve elek teli, örgü tel, 40mm göz açıklığı | D90: Sieve, Ø200x50mm , stainless steel , 40mm | E90: =H90*1.8*1.4 -> 0 | F90: =24.5*42.3 -> 1036.35 | G90: 2025-09-04 15:23:18.108 | H90: =K90*1.8*1.4 -> 0 | I90: 54 | J90: =X90 -> 0
A91: LT-G1012 | B91: Belli Değil | C91: Elek, Ø200x50mm derinlik, paslanmaz çelik kasnak ve elek teli, örgü tel, 37,5mm (1-½") göz açıklığı | D91: Sieve, Ø200x50mm , stainless steel , 37,5mm (1-½") | E91: =H91*1.8*1.4 -> 0 | F91: =24.5*42.3 -> 1036.35 | G91: 2025-09-04 15:23:18.109 | H91: =K91*1.8*1.4 -> 0 | I91: 54 | J91: =X91 -> 0
... A152: LT-G1073 | B152: Belli Değil | C152: Elek, Ø200x50mm derinlik, paslanmaz çelik kasnak ve elek teli, örgü tel, 25µm göz açıklığı | D152: Sieve, Ø200x50mm , stainless steel , 25µm | E152: =H152*1.8*1.4 -> 0 | F152: =24.5*42.3 -> 1036.35 | G152: 2025-09-04 15:23:18.170 | H152: =K152*1.8*1.4 -> 0 | I152: 54 | J152: =X152 -> 0
A153: LT-G2101 | B153: Belli Değil | C153: Toplama Kabı, Ø200x50mm paslanmaz çelik | D153: Receiver, Ø200x50mm stainless steel | E153: =H153*1.8*1.4 -> 0 | F153: =12.25*42.3 -> 518.175 | G153: 2025-09-04 15:23:18.171 | H153: =K153*1.8*1.4 -> 0 | I153: 27 | J153: =X153 -> 0
A154: LT-G2102 | B154: Belli Değil | C154: Kapak, Ø200mm paslanmaz çelik | D154: Lid, Ø200mm stainless steel | E154: =H154*1.8*1.4 -> 0 | F154: =12.25*42.3 -> 518.175 | G154: 2025-09-04 15:23:18.172 | H154: =K154*1.8*1.4 -> 0 | I154: 27 | J154: =X154 -> 0
A155: LT-G2103 | B155: Belli Değil | C155: Toplama Kabı ve Kapağı, Ø200x50mm paslanmaz çelik toplama kabı ve paslanmaz çelik kapak | D155: Lid and Receiver, Ø200x50mm stainless steel | E155: =H155*1.8*1.4 -> 0 | F155: =35*42.3 -> 1480.5 | G155: 2025-09-04 15:23:18.173 | H155: =K155*1.8*1.4 -> 0 | I155: 54 | J155: =X155 -> 0
A156: LT-G3001 | B156: Belli Değil | C156: Elek, Ø300x75mm derinlik, paslanmaz çelik kasnak ve elek teli, örgü tel, 125mm göz açıklığı | D156: Sieve, Ø300x75mm , stainless steel, woven wire, 125mm | E156: =H156*1.8*1.4 -> 0 | F156: =35*42.3 -> 1480.5 | G156: 2025-09-04 15:23:18.174 | H156: =K156*1.8*1.4 -> 0 | I156: 60 | J156: =X156 -> 0
A157: LT-G3002 | B157: Belli Değil | C157: Elek, Ø300x75mm derinlik, paslanmaz çelik kasnak ve elek teli, örgü tel, 100mm (4") göz açıklığı | D157: Sieve, Ø300x75mm , stainless steel, woven wire, 100mm (4") | E157: =H157*1.8*1.4 -> 0 | F157: =35*42.3 -> 1480.5 | G157: 2025-09-04 15:23:18.175 | H157: =K157*1.8*1.4 -> 0 | I157: 60 | J157: =X157 -> 0
A158: LT-G3003 | B158: Belli Değil | C158: Elek, Ø300x75mm derinlik, paslanmaz çelik kasnak ve elek teli, örgü tel, 90mm (3-½") göz açıklığı | D158: Sieve, Ø300x75mm , stainless steel, woven wire, 90mm (3-½") | E158: =H158*1.8*1.4 -> 0 | F158: =35*42.3 -> 1480.5 | G158: 2025-09-04 15:23:18.176 | H158: =K158*1.8*1.4 -> 0 | I158: 60 | J158: =X158 -> 0
A159: LT-G3004 | B159: Belli Değil | C159: Elek, Ø300x75mm derinlik, paslanmaz çelik kasnak ve elek teli, örgü tel, 80mm göz açıklığı | D159: Sieve, Ø300x75mm , stainless steel, woven wire, 80mm | E159: =H159*1.8*1.4 -> 0 | F159: =35*42.3 -> 1480.5 | G159: 2025-09-04 15:23:18.177 | H159: =K159*1.8*1.4 -> 0 | I159: 60 | J159: =X159 -> 0
A160: LT-G3005 | B160: Belli Değil | C160: Elek, Ø300x75mm derinlik, paslanmaz çelik kasnak ve elek teli, örgü tel, 75mm (3") göz açıklığı | D160: Sieve, Ø300x75mm , stainless steel, woven wire, 75mm (3") | E160: =H160*1.8*1.4 -> 0 | F160: =35*42.3 -> 1480.5 | G160: 2025-09-04 15:23:18.178 | H160: =K160*1.8*1.4 -> 0 | I160: 60 | J160: =X160 -> 0
...
